epoch,time,train/box_loss,train/seg_loss,train/cls_loss,train/dfl_loss,metrics/precision(B),metrics/recall(B),metrics/mAP50(B),metrics/mAP50-95(B),metrics/precision(M),metrics/recall(M),metrics/mAP50(M),metrics/mAP50-95(M),val/box_loss,val/seg_loss,val/cls_loss,val/dfl_loss,lr/pg0,lr/pg1,lr/pg2
1,7.85533,1.67524,3.61979,3.92069,1.55136,0.00989,0.555,0.01971,0.00754,0.0049,0.415,0.01479,0.00502,1.57975,2.99382,3.71529,1.59299,3e-05,3e-05,3e-05
2,9.22322,1.66962,3.47132,3.96696,1.49946,0.01099,0.6675,0.04865,0.0118,0.00556,0.44,0.04833,0.013,1.47442,2.58304,3.69978,1.53802,6.9307e-05,6.9307e-05,6.9307e-05
3,10.3144,1.54764,2.91838,3.87474,1.41315,0.01178,0.7325,0.07122,0.03728,0.00938,0.585,0.09001,0.04517,1.41701,2.33815,3.65529,1.36049,0.000107822,0.000107822,0.000107822
4,11.3263,1.33858,2.2569,3.59999,1.28693,0.01411,0.8125,0.31531,0.17082,0.01535,0.925,0.30423,0.15554,1.31713,2.01699,3.54194,1.25306,0.000145545,0.000145545,0.000145545
5,12.3376,1.30934,2.22475,3.29711,1.22829,0.01505,0.8125,0.39134,0.2383,0.01578,0.9125,0.40422,0.25407,1.27368,1.88195,3.40738,1.20582,0.000182476,0.000182476,0.000182476
6,13.3782,1.10383,1.83859,3.08347,1.14944,0.01566,0.8125,0.35854,0.23296,0.01789,0.9375,0.37275,0.21644,1.26924,2.04852,3.33718,1.19888,0.000218615,0.000218615,0.000218615
7,14.392,1.08778,1.70723,2.92693,1.15741,0.01944,0.8625,0.33299,0.19357,0.01791,0.735,0.2855,0.15494,1.17029,3.03483,3.12903,1.1593,0.000253962,0.000253962,0.000253962
8,15.4224,1.11509,1.40743,2.6235,1.15976,0.88487,0.2875,0.33282,0.20662,0.8583,0.24942,0.28784,0.16289,1.15991,3.27874,2.96739,1.14593,0.000288517,0.000288517,0.000288517
9,16.4541,1.02623,1.41321,2.50689,1.10232,1,0.16246,0.34826,0.23151,1,0.16246,0.34808,0.21479,1.13051,2.852,2.81006,1.12915,0.00032228,0.00032228,0.00032228
10,17.4381,1.05162,1.41472,2.27191,1.10115,1,0.17439,0.37625,0.25013,1,0.17439,0.37572,0.25741,1.13157,2.47437,2.67841,1.12557,0.000355251,0.000355251,0.000355251
11,18.4047,1.03044,1.40898,2.21546,1.09307,1,0.13236,0.3797,0.27946,1,0.13236,0.38477,0.25685,1.03587,2.39144,2.71674,1.0979,0.00038743,0.00038743,0.00038743
12,19.3784,0.92352,1.23137,2.09637,1.06611,1,0.10314,0.36964,0.27676,1,0.10314,0.37304,0.25992,1.02118,2.26414,2.7383,1.10311,0.000418817,0.000418817,0.000418817
13,20.4035,1.00534,1.22295,2.0328,1.08422,1,0.07916,0.37509,0.2779,1,0.07916,0.37264,0.23918,1.07763,2.17289,2.63114,1.09375,0.000449412,0.000449412,0.000449412
14,21.3645,1.01794,1.27903,1.88243,1.07992,1,0.19761,0.43035,0.28644,1,0.19761,0.41134,0.24587,1.14675,2.22789,2.43175,1.13668,0.000479215,0.000479215,0.000479215
15,22.3889,1.04875,1.1654,1.69648,1.08699,0.98352,0.28015,0.48467,0.32936,0.98352,0.28015,0.48238,0.31013,1.19962,2.12482,2.20151,1.1597,0.000508226,0.000508226,0.000508226
16,23.361,1.00241,1.40515,1.94784,1.1561,0.98352,0.28015,0.48467,0.32936,0.98352,0.28015,0.48238,0.31013,1.19962,2.12482,2.20151,1.1597,0.000536445,0.000536445,0.000536445
17,24.3663,0.96291,1.1834,1.66167,1.08498,0.96546,0.2875,0.45602,0.31535,0.96546,0.2875,0.4514,0.30743,1.25932,2.15884,2.12326,1.24993,0.000563872,0.000563872,0.000563872
18,25.3063,0.98534,1.1058,1.64452,1.07915,0.9328,0.2875,0.44283,0.34032,0.9328,0.2875,0.43719,0.31589,1.24041,2.21097,2.06915,1.25,0.000590507,0.000590507,0.000590507
19,26.2183,1.03538,1.09577,1.61053,1.09372,0.9328,0.2875,0.44283,0.34032,0.9328,0.2875,0.43719,0.31589,1.24041,2.21097,2.06915,1.25,0.00061635,0.00061635,0.00061635
20,27.2575,0.97149,1.12143,1.69743,1.09933,0.96909,0.28246,0.40133,0.28486,0.96909,0.28246,0.39583,0.28469,1.24392,1.87252,2.0153,1.25834,0.000641401,0.000641401,0.000641401
21,28.2173,0.99901,1.19949,1.58171,1.10481,0.93833,0.28076,0.39836,0.26351,0.92246,0.2875,0.399,0.25011,1.37075,1.92613,2.02133,1.35741,0.00066566,0.00066566,0.00066566
22,29.156,0.94358,0.96428,1.52427,1.07194,0.93833,0.28076,0.39836,0.26351,0.92246,0.2875,0.399,0.25011,1.37075,1.92613,2.02133,1.35741,0.000689127,0.000689127,0.000689127
23,30.1531,0.96081,0.97184,1.52139,1.11569,0.94037,0.2795,0.41233,0.26846,0.9373,0.29808,0.42344,0.26198,1.43767,1.97379,2.05396,1.36373,0.000711802,0.000711802,0.000711802
24,31.1877,0.91139,0.89787,1.53845,1.09852,0.94037,0.2795,0.41233,0.26846,0.9373,0.29808,0.42344,0.26198,1.43767,1.97379,2.05396,1.36373,0.000733685,0.000733685,0.000733685
25,32.143,0.9208,0.97807,1.41025,1.07521,0.53992,0.32336,0.38386,0.247,0.54284,0.3397,0.39193,0.24824,1.38565,2.06997,1.91479,1.31296,0.000754776,0.000754776,0.000754776
26,33.1502,0.91122,1.04192,1.35508,1.04112,0.53992,0.32336,0.38386,0.247,0.54284,0.3397,0.39193,0.24824,1.38565,2.06997,1.91479,1.31296,0.0007525,0.0007525,0.0007525
27,34.163,0.88357,0.9662,1.40449,1.05726,0.53477,0.35,0.39047,0.26689,0.53155,0.35839,0.39009,0.27766,1.29239,2.14234,1.77323,1.26481,0.0007426,0.0007426,0.0007426
28,35.1108,0.91551,0.77455,1.36437,1.04839,0.53477,0.35,0.39047,0.26689,0.53155,0.35839,0.39009,0.27766,1.29239,2.14234,1.77323,1.26481,0.0007327,0.0007327,0.0007327
29,36.0898,0.90191,0.85034,1.22593,1.01748,0.52447,0.34798,0.39584,0.27813,0.54022,0.36,0.39964,0.29557,1.33335,2.07351,1.60755,1.29747,0.0007228,0.0007228,0.0007228
30,37.0461,0.93986,1.04047,1.41592,1.07067,0.52447,0.34798,0.39584,0.27813,0.54022,0.36,0.39964,0.29557,1.33335,2.07351,1.60755,1.29747,0.0007129,0.0007129,0.0007129
31,38.0709,0.90034,0.9414,1.26546,1.05205,0.50294,0.36629,0.40804,0.28402,0.51533,0.3786,0.40642,0.28729,1.16167,1.88962,1.58154,1.20884,0.000703,0.000703,0.000703
32,38.9775,0.84214,0.92684,1.31628,1.02833,0.50294,0.36629,0.40804,0.28402,0.51533,0.3786,0.40642,0.28729,1.16167,1.88962,1.58154,1.20884,0.0006931,0.0006931,0.0006931
33,39.9727,0.86745,0.96614,1.19425,1.0303,0.5362,0.35,0.42042,0.28535,0.85869,0.40166,0.50208,0.27289,1.30404,2.09226,1.59931,1.29244,0.0006832,0.0006832,0.0006832
34,40.9842,0.7971,0.98598,1.26388,1.01665,0.5362,0.35,0.42042,0.28535,0.85869,0.40166,0.50208,0.27289,1.30404,2.09226,1.59931,1.29244,0.0006733,0.0006733,0.0006733
35,41.9843,0.83028,0.92721,1.27592,1.03235,0.73078,0.325,0.42572,0.31434,0.86484,0.43211,0.50388,0.2946,1.20065,2.09225,1.43352,1.2962,0.0006634,0.0006634,0.0006634
36,42.8995,0.86035,0.88631,1.1159,1.04751,0.73078,0.325,0.42572,0.31434,0.86484,0.43211,0.50388,0.2946,1.20065,2.09225,1.43352,1.2962,0.0006535,0.0006535,0.0006535
37,43.9388,0.81754,0.70699,1.2033,1.04661,0.49123,0.37171,0.46318,0.35769,0.73317,0.36245,0.46323,0.32271,1.04907,2.05957,1.31853,1.20911,0.0006436,0.0006436,0.0006436
38,44.9618,0.84025,0.99682,1.23912,1.04195,0.49123,0.37171,0.46318,0.35769,0.73317,0.36245,0.46323,0.32271,1.04907,2.05957,1.31853,1.20911,0.0006337,0.0006337,0.0006337
39,45.9727,0.83991,0.95139,1.16951,1.04423,0.77457,0.30376,0.47543,0.34338,0.98781,0.41543,0.57425,0.31473,1.20481,2.1291,1.28505,1.28276,0.0006238,0.0006238,0.0006238
40,46.9144,0.7916,0.91877,1.37301,1.00178,0.77457,0.30376,0.47543,0.34338,0.98781,0.41543,0.57425,0.31473,1.20481,2.1291,1.28505,1.28276,0.0006139,0.0006139,0.0006139
41,47.9005,0.77637,0.88533,1.14894,1.00177,0.75511,0.31358,0.44315,0.3036,0.9456,0.41921,0.54545,0.30933,1.25769,1.88167,1.36455,1.30987,0.000604,0.000604,0.000604
42,48.8606,0.78751,0.91954,1.12705,1.00479,0.75511,0.31358,0.44315,0.3036,0.9456,0.41921,0.54545,0.30933,1.25769,1.88167,1.36455,1.30987,0.0005941,0.0005941,0.0005941
43,49.8403,0.81829,0.79102,1.15755,1.01215,0.77529,0.35,0.45841,0.3258,0.77529,0.35,0.46258,0.32386,1.23429,1.78744,1.36835,1.31169,0.0005842,0.0005842,0.0005842
44,50.7576,0.79972,0.8277,1.02741,0.98075,0.77529,0.35,0.45841,0.3258,0.77529,0.35,0.46258,0.32386,1.23429,1.78744,1.36835,1.31169,0.0005743,0.0005743,0.0005743
45,51.7806,0.77886,0.79461,1.103,1.0318,0.7909,0.36076,0.48866,0.33121,0.7909,0.36076,0.47278,0.33531,1.20762,1.8022,1.32474,1.27647,0.0005644,0.0005644,0.0005644
46,52.744,0.77464,0.85705,1.14782,1.0122,0.7909,0.36076,0.48866,0.33121,0.7909,0.36076,0.47278,0.33531,1.20762,1.8022,1.32474,1.27647,0.0005545,0.0005545,0.0005545
47,53.7406,0.79485,0.92188,1.08946,0.98675,0.79191,0.3625,0.49102,0.34297,0.79191,0.3625,0.46136,0.32009,1.11249,1.89682,1.33675,1.23941,0.0005446,0.0005446,0.0005446
48,54.7332,0.78505,0.83347,1.13538,1.01197,0.79191,0.3625,0.49102,0.34297,0.79191,0.3625,0.46136,0.32009,1.11249,1.89682,1.33675,1.23941,0.0005347,0.0005347,0.0005347
49,55.7334,0.69166,0.77029,1.06872,0.99059,0.53465,0.375,0.48446,0.34545,0.8388,0.4625,0.54889,0.31893,1.11771,2.13964,1.26487,1.23114,0.0005248,0.0005248,0.0005248
50,56.7255,0.71577,0.76649,1.13269,0.98793,0.53465,0.375,0.48446,0.34545,0.8388,0.4625,0.54889,0.31893,1.11771,2.13964,1.26487,1.23114,0.0005149,0.0005149,0.0005149
51,57.848,0.74138,0.73951,1.08984,0.9778,0.54077,0.46165,0.46972,0.34511,0.92818,0.40779,0.56093,0.33469,1.14686,2.28759,1.24237,1.26177,0.000505,0.000505,0.000505
52,58.9202,0.71865,0.76429,1.05013,0.96731,0.54077,0.46165,0.46972,0.34511,0.92818,0.40779,0.56093,0.33469,1.14686,2.28759,1.24237,1.26177,0.0004951,0.0004951,0.0004951
53,59.9929,0.76187,0.68007,0.99071,0.99401,0.77922,0.3625,0.46963,0.34792,0.84474,0.475,0.49063,0.3422,1.13076,2.26535,1.26289,1.28968,0.0004852,0.0004852,0.0004852
54,61.0365,0.70522,0.78641,1.07915,1.00783,0.77922,0.3625,0.46963,0.34792,0.84474,0.475,0.49063,0.3422,1.13076,2.26535,1.26289,1.28968,0.0004753,0.0004753,0.0004753
55,62.04,0.74525,0.63913,0.96384,0.96583,0.79227,0.37429,0.47493,0.35257,0.87683,0.47302,0.55693,0.35094,1.09823,2.31776,1.24638,1.27518,0.0004654,0.0004654,0.0004654
56,63.0667,0.68714,0.69493,1.07374,0.99137,0.79227,0.37429,0.47493,0.35257,0.87683,0.47302,0.55693,0.35094,1.09823,2.31776,1.24638,1.27518,0.0004555,0.0004555,0.0004555
57,64.2369,0.72901,0.67595,1.07763,0.99819,0.74647,0.475,0.46158,0.3295,0.75789,0.4875,0.46937,0.33434,1.15747,2.409,1.24801,1.29873,0.0004456,0.0004456,0.0004456
58,65.2305,0.68707,0.88921,0.99147,0.96249,0.74647,0.475,0.46158,0.3295,0.75789,0.4875,0.46937,0.33434,1.15747,2.409,1.24801,1.29873,0.0004357,0.0004357,0.0004357
59,66.1347,0.67714,0.65393,1.02244,0.98752,0.7654,0.46402,0.5211,0.39236,0.77703,0.47593,0.52802,0.39084,1.18608,2.11427,1.22352,1.28604,0.0004258,0.0004258,0.0004258
60,67.1759,0.65288,0.75995,1.10413,0.97903,0.7654,0.46402,0.5211,0.39236,0.77703,0.47593,0.52802,0.39084,1.18608,2.11427,1.22352,1.28604,0.0004159,0.0004159,0.0004159
61,68.1875,0.68902,0.74158,1.07934,1.01396,0.51381,0.4875,0.5396,0.4123,0.9755,0.44032,0.60902,0.38792,1.1658,1.94763,1.19516,1.25719,0.000406,0.000406,0.000406
62,69.247,0.70297,0.72332,1.03637,0.9785,0.51381,0.4875,0.5396,0.4123,0.9755,0.44032,0.60902,0.38792,1.1658,1.94763,1.19516,1.25719,0.0003961,0.0003961,0.0003961
63,70.258,0.69113,0.63785,0.96996,0.96102,0.76554,0.3625,0.51793,0.40395,0.97423,0.44336,0.60976,0.39103,1.15282,1.82249,1.19624,1.28489,0.0003862,0.0003862,0.0003862
64,71.2103,0.66772,0.67579,0.94809,0.95393,0.76554,0.3625,0.51793,0.40395,0.97423,0.44336,0.60976,0.39103,1.15282,1.82249,1.19624,1.28489,0.0003763,0.0003763,0.0003763
65,72.1942,0.67216,0.66946,0.93651,0.96739,0.51931,0.4875,0.53078,0.41134,0.97149,0.45597,0.63031,0.40867,1.06648,1.71092,1.13957,1.25591,0.0003664,0.0003664,0.0003664
66,73.147,0.65192,0.66197,0.98197,0.93532,0.51931,0.4875,0.53078,0.41134,0.97149,0.45597,0.63031,0.40867,1.06648,1.71092,1.13957,1.25591,0.0003565,0.0003565,0.0003565
67,74.111,0.65241,0.67485,1.02343,0.95203,0.96529,0.44661,0.66165,0.44395,0.96529,0.44661,0.64895,0.42383,1.03868,1.6451,1.13947,1.21509,0.0003466,0.0003466,0.0003466
68,75.1741,0.67839,0.72645,1.02889,0.98387,0.96529,0.44661,0.66165,0.44395,0.96529,0.44661,0.64895,0.42383,1.03868,1.6451,1.13947,1.21509,0.0003367,0.0003367,0.0003367
69,76.2062,0.65686,0.62702,0.94447,0.95171,0.96488,0.43713,0.65962,0.44288,0.96488,0.43713,0.65652,0.44675,1.02972,1.54504,1.16016,1.18921,0.0003268,0.0003268,0.0003268
70,77.152,0.69989,0.65476,0.96466,0.96706,0.96488,0.43713,0.65962,0.44288,0.96488,0.43713,0.65652,0.44675,1.02972,1.54504,1.16016,1.18921,0.0003169,0.0003169,0.0003169
71,78.4211,0.69016,0.61075,0.9589,0.96258,0.94846,0.425,0.65755,0.45574,0.96399,0.43568,0.66527,0.45882,1.03539,1.48736,1.17376,1.17837,0.000307,0.000307,0.000307
72,79.6112,0.6284,0.67179,0.94715,0.98508,0.94846,0.425,0.65755,0.45574,0.96399,0.43568,0.66527,0.45882,1.03539,1.48736,1.17376,1.17837,0.0002971,0.0002971,0.0002971
73,82.413,0.6086,0.52383,0.95915,0.96665,0.94596,0.43227,0.65453,0.44994,0.96326,0.44477,0.66247,0.46284,1.06805,1.4553,1.19042,1.17969,0.0002872,0.0002872,0.0002872
74,83.5791,0.69548,0.62294,0.88274,0.96124,0.94596,0.43227,0.65453,0.44994,0.96326,0.44477,0.66247,0.46284,1.06805,1.4553,1.19042,1.17969,0.0002773,0.0002773,0.0002773
75,84.641,0.7117,0.61163,0.9166,0.95917,0.93791,0.4284,0.63545,0.44974,0.95645,0.44073,0.64984,0.45488,1.06202,1.48536,1.1879,1.18008,0.0002674,0.0002674,0.0002674
76,85.7179,0.60936,0.58716,0.9159,0.94149,0.93791,0.4284,0.63545,0.44974,0.95645,0.44073,0.64984,0.45488,1.06202,1.48536,1.1879,1.18008,0.0002575,0.0002575,0.0002575
77,87.8134,0.62261,0.56442,0.91437,0.94381,0.95118,0.42798,0.6323,0.46421,0.96976,0.44032,0.63331,0.44471,1.03606,1.49973,1.13609,1.17442,0.0002476,0.0002476,0.0002476
78,88.8622,0.6577,0.62923,0.98705,0.97364,0.95118,0.42798,0.6323,0.46421,0.96976,0.44032,0.63331,0.44471,1.03606,1.49973,1.13609,1.17442,0.0002377,0.0002377,0.0002377
79,89.9799,0.6334,0.55603,0.88683,0.92395,0.64661,0.6,0.65737,0.47278,0.9597,0.44936,0.65181,0.45062,1.01758,1.52647,1.10436,1.16866,0.0002278,0.0002278,0.0002278
80,91.4458,0.59275,0.54461,0.91083,0.98128,0.64661,0.6,0.65737,0.47278,0.9597,0.44936,0.65181,0.45062,1.01758,1.52647,1.10436,1.16866,0.0002179,0.0002179,0.0002179
81,92.6704,0.60541,0.74958,0.89283,0.94327,0.65994,0.66731,0.67222,0.46901,0.68833,0.7,0.67324,0.44888,1.00293,1.61996,1.07216,1.16102,0.000208,0.000208,0.000208
82,93.7484,0.61688,0.63503,0.92676,0.96777,0.65994,0.66731,0.67222,0.46901,0.68833,0.7,0.67324,0.44888,1.00293,1.61996,1.07216,1.16102,0.0001981,0.0001981,0.0001981
83,94.8101,0.63556,0.6395,0.9283,0.96904,0.9498,0.44492,0.65035,0.45857,0.96571,0.45742,0.67863,0.44866,1.02,1.79815,1.09102,1.18035,0.0001882,0.0001882,0.0001882
84,96.3205,0.62903,0.77078,0.85489,0.93782,0.9498,0.44492,0.65035,0.45857,0.96571,0.45742,0.67863,0.44866,1.02,1.79815,1.09102,1.18035,0.0001783,0.0001783,0.0001783
85,97.4312,0.62465,0.59743,0.84867,0.93719,0.62994,0.6,0.56645,0.45276,0.97216,0.46091,0.68388,0.44505,1.04609,1.82472,1.0718,1.20542,0.0001684,0.0001684,0.0001684
86,98.454,0.59017,0.79422,0.81262,0.91792,0.62994,0.6,0.56645,0.45276,0.97216,0.46091,0.68388,0.44505,1.04609,1.82472,1.0718,1.20542,0.0001585,0.0001585,0.0001585
87,99.6042,0.6323,0.59053,0.86853,0.94931,0.62777,0.6,0.57378,0.45625,0.96784,0.46101,0.67722,0.45364,1.04846,1.78972,1.07472,1.21604,0.0001486,0.0001486,0.0001486
88,100.689,0.57109,0.58679,0.88712,0.94606,0.62777,0.6,0.57378,0.45625,0.96784,0.46101,0.67722,0.45364,1.04846,1.78972,1.07472,1.21604,0.0001387,0.0001387,0.0001387
89,101.735,0.54341,0.57103,0.81272,0.9214,0.63664,0.6,0.59247,0.46114,0.94325,0.4625,0.70055,0.46532,1.03915,1.80094,1.05838,1.22399,0.0001288,0.0001288,0.0001288
90,105.176,0.60478,0.54185,0.87067,0.95094,0.63664,0.6,0.59247,0.46114,0.94325,0.4625,0.70055,0.46532,1.03915,1.80094,1.05838,1.22399,0.0001189,0.0001189,0.0001189
91,114.098,0.64979,0.456,1.02745,0.98796,0.64297,0.6,0.57507,0.44279,0.90069,0.4625,0.65638,0.44897,1.042,1.96381,1.07103,1.2297,0.000109,0.000109,0.000109
92,115.861,0.56882,0.46605,0.95351,0.92041,0.64297,0.6,0.57507,0.44279,0.90069,0.4625,0.65638,0.44897,1.042,1.96381,1.07103,1.2297,9.91e-05,9.91e-05,9.91e-05
93,118.739,0.68392,0.47185,1.07766,0.9536,0.42636,0.6,0.55418,0.42555,0.88383,0.4625,0.64188,0.43841,1.05633,1.99717,1.08368,1.23205,8.92e-05,8.92e-05,8.92e-05
94,119.797,0.60866,0.52765,1.01109,0.97204,0.42636,0.6,0.55418,0.42555,0.88383,0.4625,0.64188,0.43841,1.05633,1.99717,1.08368,1.23205,7.93e-05,7.93e-05,7.93e-05
95,121.064,0.62571,0.48091,1.02978,0.95076,0.37604,0.5,0.54566,0.42333,0.8658,0.4573,0.63558,0.44043,1.06461,2.10689,1.0906,1.23181,6.94e-05,6.94e-05,6.94e-05
96,123.221,0.52901,0.424,0.93505,0.9295,0.37604,0.5,0.54566,0.42333,0.8658,0.4573,0.63558,0.44043,1.06461,2.10689,1.0906,1.23181,5.95e-05,5.95e-05,5.95e-05
97,124.346,0.50676,0.4584,0.89048,0.93088,0.35809,0.5,0.53148,0.41741,0.85305,0.46198,0.58057,0.4192,1.06418,2.17055,1.11298,1.22379,4.96e-05,4.96e-05,4.96e-05
98,126.037,0.48996,0.42901,0.80365,0.90177,0.35809,0.5,0.53148,0.41741,0.85305,0.46198,0.58057,0.4192,1.06418,2.17055,1.11298,1.22379,3.97e-05,3.97e-05,3.97e-05
99,127.14,0.52011,0.4569,0.87025,0.93036,0.35756,0.5,0.53629,0.41529,0.85272,0.4625,0.58533,0.41322,1.06872,2.19059,1.11917,1.21998,2.98e-05,2.98e-05,2.98e-05
100,129.357,0.69435,0.73611,1.44811,1.05823,0.35756,0.5,0.53629,0.41529,0.85272,0.4625,0.58533,0.41322,1.06872,2.19059,1.11917,1.21998,1.99e-05,1.99e-05,1.99e-05
